Neighbourhood,year,description,count
Allston,2010,Application for Permit,1
Allston,2010,Building or Use of Premise req,2
Allston,2010,Carbon Monoxide Detectors,1
Allston,2010,Door Locks,1
Allston,2010,Failed to comply w PRMT terms,1
Allston,2010,Failure to secure permit,1
Allston,2010,Fire Escape Affidavit,1
Allston,2010,Inspections,15
Allston,2010,Maintenance,1
Allston,2010,Right of Entry,1
Allston,2010,Smoke Detectors,1
Allston,2010,Testing & Certification,2
Allston,2010,Unsafe Maintenance,6
Allston,2010,Unsafe Structure,2
Allston,2010,Unsafe Structures,1
Allston,2010,Unsafe and Dangerous,7
Allston,2011,Building or Use of Premise req,1
Allston,2011,Electrical Work w/out a Permit,1
Allston,2011,Failure to Obtain Permit,2
Allston,2011,Fire Escape Affidavit,1
Allston,2011,Guarding of Live Ports,1
Allston,2011,Inspections,3
Allston,2011,Unsafe Maintenance,2
Allston,2011,Unsafe Structures,1
Allston,2011,Unsafe and Dangerous,1
Allston,2012,Boston Zoning Code,1
Allston,2012,Boxes Where Required,2
Allston,2012,Certificate of Occupancy,1
Allston,2012,Corridors,1
Allston,2012,Failure to Obtain Permit,9
Allston,2012,Hazrdous Means of Egress,1
Allston,2012,Inspections,2
Allston,2012,Maintenance,5
Allston,2012,Mounting Elec. Equipment,1
Allston,2012,Right of Entry,10
Allston,2012,Testing & Certification,3
Allston,2012,Unsafe Maintenance,5
Allston,2012,Unsafe and Dangerous,8
Allston,2012,Uses Not Permitted,1
Allston,2012,Uses not permitted,1
Allston,2013,Failure to Obtain Permit,12
Allston,2013,Handrails/safety,1
Allston,2013,Permits,1
Allston,2013,Right of Entry,7
Allston,2013,Testing & Certification,3
Allston,2013,Unsafe & Dangerous,1
Allston,2013,Unsafe and Dangerous,17
Allston,2013,Uses not permitted,1
Allston,2013,Working Without a Permit,1
Allston,2014,Exit Passageways,5
Allston,2014,Failure to Obtain Permit,11
Allston,2014,I.S.S.U,1
Allston,2014,Maintenance,1
Allston,2014,Right of Entry,6
Allston,2014,Testing & Certification,8
Allston,2014,Type NM Cable,1
Allston,2014,Unsafe and Dangerous,17
Allston,2014,Uses not permitted,1
Allston,2015,Approval of Documents,2
Allston,2015,Certificate of Occupancy,2
Allston,2015,Electrical Work w/out Permit,1
Allston,2015,Failure to Obtain Permit,12
Allston,2015,Maintenance,6
Allston,2015,Right of Entry,3
Allston,2015,Testing & Certification,4
Allston,2015,Unsafe and Dangerous,14
Allston,2016,Failed to comply w permit term,1
Allston,2016,Failure to Obtain Permit,3
Allston,2016,Failure to Secure Permit,1
Allston,2016,Maintenance,4
Allston,2016,Testing & Certification,1
Allston,2017,Approval required,1
Allston,2017,Bathrooms,1
Allston,2017,Door operations-Egress doors,1
Allston,2017,Emergency Exit,1
Allston,2017,Failure to Obtain Permit,3
Allston,2017,Maintenance,5
Allston,2017,Permits,1
Allston,2017,Projections into Clear Width.,1
Allston,2017,Unsafe and Dangerous,2
Allston,2017,Uses not Permitted,1
Allston,2018,Failure to Obtain Permit,5
Allston,2018,Maintenance,1
Allston,2018,Unsafe and Dangerous,3
Allston,2019,Failure to Obtain Permit,1
Allston,2019,Maintenance,2
Allston,2019,Testing & Certification,3
Allston,2019,Unsafe and Dangerous,4
Allston,2020,Failure to Obtain Permit,4
Allston,2020,Maintenance,1
Allston,2021,Failure to Obtain Permit,1
Allston,2021,Maintenance,1
Allston,2021,Unsafe Structures,1
Allston,2021,Unsafe and Dangerous,1
Allston,2022,Failed to comply w permit term,1
Allston,2022,Failure to Obtain Permit,6
Allston,2022,Maintenance,4
Allston,2022,Right of Entry,2
Allston,2022,Testing & Certification,1
Allston,2022,Unsafe Structures,2
Allston,2023,Failed to comply w permit term,1
Allston,2023,Failure to Obtain Permit,3
Allston,2023,Maintenance,6
Allston,2023,Testing & Certification,1
Allston,2023,Unsafe Structures,3
Allston,2024,Failed to comply w permit term,1
Allston,2024,Failure to Obtain Permit,1
Allston,2024,Maintenance,7
Allston,2024,Permits,2
Allston,2024,Permits to perform gas fitting,1
Allston,2024,Right of Entry,1
Allston,2024,Testing & Certification,9
Allston,2024,Unsafe and Dangerous,1
Back Bay,2010,Inspections,1
Back Bay,2010,Unsafe and Dangerous,1
Back Bay,2011,Electrical Work w/out Permit,1
Back Bay,2011,Failure to Obtain Permit,3
Back Bay,2011,Mechanical Execution of Work,1
Back Bay,2012,Clear Width,2
Back Bay,2012,Failure to Obtain Permit,2
Back Bay,2012,Maintenance,2
Back Bay,2012,Referenced Codes & Standards,1
Back Bay,2012,Testing & Certification,2
Back Bay,2012,Unsafe Structures,2
Back Bay,2012,Unsafe and Dangerous,2
Back Bay,2013,Failed to comply w permit term,1
Back Bay,2013,Failure to Obtain Permit,4
Back Bay,2013,Periodic Inspections,1
Back Bay,2013,Unsafe Structures,1
Back Bay,2013,Unsafe and Dangerous,5
Back Bay,2014,Failure to Obtain Permit,7
Back Bay,2014,Maintenance Access Features,1
Back Bay,2014,Means of Egress Illumination,1
Back Bay,2014,Periodic Inspections,2
Back Bay,2014,Unsafe and Dangerous,8
Back Bay,2015,Failure to Obtain Permit,8
Back Bay,2015,Fire Protection Systems,1
Back Bay,2015,Maintenance,3
Back Bay,2015,Periodic Inspections,4
Back Bay,2015,Testing & Certification,15
Back Bay,2015,Unsafe and Dangerous,9
Back Bay,2016,Disconnecting Means,1
Back Bay,2016,Failure to Obtain Permit,4
Back Bay,2016,Maintenance,7
Back Bay,2016,Periodic Inspections,3
Back Bay,2016,Testing & Certification,9
Back Bay,2016,Unsafe and Dangerous,3
Back Bay,2016,Work without permit,1
Back Bay,2017,Failure to Obtain Permit,3
Back Bay,2017,Maintenance,2
Back Bay,2017,Right of Entry,1
Back Bay,2017,Unsafe and Dangerous,3
Back Bay,2017,Uses not Permitted,1
Back Bay,2018,Failed to comply w permit term,1
Back Bay,2018,Failure to Obtain Permit,1
Back Bay,2018,Maintenance,3
Back Bay,2018,Testing & Certification,2
Back Bay,2018,Unsafe and Dangerous,5
Back Bay,2019,AFCI,1
Back Bay,2019,Certificate of Occupancy,1
Back Bay,2019,Failure to Obtain Permit,6
Back Bay,2019,Failure to secure permit,1
Back Bay,2019,Fire Separation,1
Back Bay,2019,Locks and Latches,1
Back Bay,2019,Maintenance,3
Back Bay,2019,Modification fire protection,1
Back Bay,2019,Municipal Bylaws or Ordinances,1
Back Bay,2019,Number of Exits or Exit Access,1
Back Bay,2019,Periodic Inspections,1
Back Bay,2019,Permits,1
Back Bay,2019,Suspension or Revocation,1
Back Bay,2019,Testing & Certification,2
Back Bay,2019,Unsafe and Dangerous,6
Back Bay,2020,Failed to comply w permit term,2
Back Bay,2020,Failure to Obtain Permit,6
Back Bay,2020,Municipal Bylaws or Ordinances,1
Back Bay,2020,Required Inspections,1
Back Bay,2020,Testing & Certification,3
Back Bay,2020,Unsafe and Dangerous,4
Back Bay,2021,Failure to Obtain Permit,4
Back Bay,2021,Maintenance,1
Back Bay,2022,Egress Doors,3
Back Bay,2022,Failed to comply w permit term,1
Back Bay,2022,Failure to Obtain Permit,3
Back Bay,2022,Maintenance,1
Back Bay,2022,Maintenance of Means of Egress,2
Back Bay,2022,Testing & Certification,4
Back Bay,2022,Unsafe Structures,1
Back Bay,2023,Failure to Obtain Permit,3
Back Bay,2023,Maintenance,4
Back Bay,2023,Municipal Bylaws or Ordinances,1
Back Bay,2023,Protection of Adj. Property,1
Back Bay,2023,Testing & Certification,2
Back Bay,2023,Unsafe Structures,3
Back Bay,2024,Failure to Obtain Permit,6
Back Bay,2024,Maintenance,4
Back Bay,2024,Suspension or Revocation,1
Back Bay,2024,Testing & Certification,3
Beacon Hill,2010,Deteriorating Agents,1
Beacon Hill,2010,Inspections,1
Beacon Hill,2010,Unsafe Structure,2
Beacon Hill,2010,Unsafe and Dangerous,3
Beacon Hill,2011,Certificate of Inspection,1
Beacon Hill,2011,Maintenance,1
Beacon Hill,2011,Working Space,1
Beacon Hill,2012,Failure to Obtain Permit,1
Beacon Hill,2012,Right of Entry,1
Beacon Hill,2013,Protection of Adj. Property,1
Beacon Hill,2013,Unsafe and Dangerous,3
Beacon Hill,2014,Protection of Adj. Property,1
Beacon Hill,2015,Automatic Sprinkler System,1
Beacon Hill,2015,Certificate of Occupancy,1
Beacon Hill,2015,Exit Enclosures,1
Beacon Hill,2015,Failure to Obtain Permit,2
Beacon Hill,2015,Maintenance,2
Beacon Hill,2015,Means of Egress,1
Beacon Hill,2015,Required Inspections,1
Beacon Hill,2015,Testing & Certification,3
Beacon Hill,2015,Unsafe and Dangerous,2
Beacon Hill,2016,Exits,3
Beacon Hill,2016,Fire Stop System,1
Beacon Hill,2016,Fire-resistance rating,1
Beacon Hill,2016,Horozontal assemblies;Fire,1
Beacon Hill,2016,Maintenance,2
Beacon Hill,2016,Secured in Place,1
Beacon Hill,2016,Through Penedtrations,1
Beacon Hill,2017,Exits,2
Beacon Hill,2018,Maintenance,2
Beacon Hill,2018,Means of Egress,1
Beacon Hill,2018,Unsafe and Dangerous,1
Beacon Hill,2019,Failure to Obtain Permit,2
Beacon Hill,2019,Suspension or Revocation,1
Beacon Hill,2019,Testing & Certification,1
Beacon Hill,2019,Unsafe and Dangerous,3
Beacon Hill,2020,Failure to Obtain Permit,1
Beacon Hill,2020,Maintenance,2
Beacon Hill,2021,Failure to Obtain Permit,1
Beacon Hill,2022,Maintenance,1
Beacon Hill,2022,Testing & Certification,2
Beacon Hill,2023,Maintenance,3
Beacon Hill,2024,Maintenance,2
Beacon Hill,2024,Municipal Bylaws or Ordinances,1
Beacon Hill,2024,Periodic Inspections,1
Beacon Hill,2024,Testing & Certification,1
Brighton,2009,Inspections,1
Brighton,2010,Boston Zoning Code,1
Brighton,2010,Certificate of Inspection,1
Brighton,2010,Construction Safeguards,1
Brighton,2010,Inspections,15
Brighton,2010,Maintenance,1
Brighton,2010,Mechanical Execution of Work,1
Brighton,2010,Right of Entry,1
Brighton,2010,Testing & Certification,2
Brighton,2010,Unlawful Acts,1
Brighton,2010,Unsafe Maintenance,6
Brighton,2010,Unsafe and Dangerous,8
Brighton,2011,Failure to Obtain Permit,5
Brighton,2011,Failure to secure permit,2
Brighton,2011,Fire Escape Affidavit,1
Brighton,2011,Inspections,4
Brighton,2011,Maintenance,2
Brighton,2011,Other Laws,1
Brighton,2011,Periodic Inspections,1
Brighton,2011,Right of Entry,1
Brighton,2012,Building or Use of Premise req,1
Brighton,2012,Failed to comply w PRMT terms,1
Brighton,2012,Failure to Obtain Permit,6
Brighton,2012,Failure to Secure Permit,1
Brighton,2012,Guarding of Live parts,1
Brighton,2012,Inspections,2
Brighton,2012,Integrity of,1
Brighton,2012,Mechanical Execution of Work,1
Brighton,2012,Openings to be closed,1
Brighton,2012,Right of Entry,6
Brighton,2012,Securing and Supporting,1
Brighton,2012,Unsafe Structures,1
Brighton,2012,Unsafe and Dangerous,6
Brighton,2012,Uses not permitted,1
Brighton,2013,Building or Use of Premise req,2
Brighton,2013,Failure to Obtain Permit,7
Brighton,2013,Inspections,1
Brighton,2013,Periodic Inspections,1
Brighton,2013,Right of Entry,4
Brighton,2013,Unsafe and Dangerous,12
Brighton,2014,Building or Use of Premise req,1
Brighton,2014,Certificate of Occupancy,1
Brighton,2014,Failed to comply w permit term,1
Brighton,2014,Failure to Obtain Permit,8
Brighton,2014,Mass State Plumbing Code,1
Brighton,2014,Principle #18,1
Brighton,2014,Protection of Adj. Property,1
Brighton,2014,Pull & Junction Box,1
Brighton,2014,Right of Entry,9
Brighton,2014,Service Size & Rating,1
Brighton,2014,Space About Electrical Service,1
Brighton,2014,Testing & Certification,3
Brighton,2014,Unsafe and Dangerous,11
Brighton,2015,Building or Use of Premise req,2
Brighton,2015,Disconnecting Means Service,1
Brighton,2015,Electrical Work w/out Permit,1
Brighton,2015,Failed to comply w permit term,1
Brighton,2015,Failure to Obtain Permit,16
Brighton,2015,Protection of Adj. Property,5
Brighton,2015,Right of Entry,1
Brighton,2015,Suspension or Revocation,1
Brighton,2015,Unsafe Structure,1
Brighton,2015,Unsafe and Dangerous,9
Brighton,2016,Failure to Obtain Permit,7
Brighton,2016,Maintenance,3
Brighton,2016,Unsafe and Dangerous,3
Brighton,2017,Failure to Obtain Permit,9
Brighton,2017,Maintenance,8
Brighton,2017,Property Maintenance,1
Brighton,2017,Referenced Codes & Standards,1
Brighton,2017,Unsafe and Dangerous,5
Brighton,2018,Building or Use of Premise req,1
Brighton,2018,Failure to Obtain Permit,9
Brighton,2018,Protection of Adj. Property,1
Brighton,2018,Testing & Certification,1
Brighton,2018,Unsafe and Dangerous,10
Brighton,2019,Deteriorating Agents,1
Brighton,2019,Failed to comply w permit term,2
Brighton,2019,Failure to Obtain Permit,2
Brighton,2019,Maintenance,1
Brighton,2019,Maintenance of Means of Egress,1
Brighton,2019,Unsafe and Dangerous,3
Brighton,2020,Failure to Obtain Permit,4
Brighton,2020,Maintenance,2
Brighton,2020,Unsafe and Dangerous,3
Brighton,2021,Failure to Obtain Permit,6
Brighton,2021,Unsafe Structures,2
Brighton,2021,Unsafe and Dangerous,2
Brighton,2022,Failure to Obtain Permit,5
Brighton,2022,Maintenance,3
Brighton,2022,Maintenance of Means of Egress,1
Brighton,2022,Right of Entry,1
Brighton,2022,Unsafe Structures,2
Brighton,2023,Clearance from Windows,1
Brighton,2023,Failure to Obtain Permit,2
Brighton,2023,Maintenance,1
Brighton,2023,Testing & Certification,1
Brighton,2023,Unsafe Structures,4
Brighton,2024,Failed to comply w permit term,1
Brighton,2024,Failure to Obtain Permit,7
Brighton,2024,Permits,3
Brighton,2024,Protection of Adj. Property,1
Brighton,2024,Right of Entry,1
Brighton,2024,Testing & Certification,1
Brighton,2024,Unsafe Structures,5
Charlestown,2010,Final Inspection,1
Charlestown,2010,Inspections,2
Charlestown,2010,Maintenance,2
Charlestown,2010,Unsafe Structure,1
Charlestown,2011,Inspections,1
Charlestown,2011,Maintenance,1
Charlestown,2011,Unsafe Structures,1
Charlestown,2012,Failure to Obtain Permit,1
Charlestown,2012,Maintenance,1
Charlestown,2012,Testing & Certification,1
Charlestown,2012,Unsafe Structures,1
Charlestown,2012,Unsafe and Dangerous,1
Charlestown,2013,Failure to Obtain Permit,4
Charlestown,2013,Protection of Adj. Property,1
Charlestown,2013,Testing & Certification,1
Charlestown,2013,Unsafe and Dangerous,2
Charlestown,2014,Certificate of Occupancy,2
Charlestown,2014,Failed to comply w permit term,1
Charlestown,2014,Failure to Obtain Permit,3
Charlestown,2014,Testing & Certification,1
Charlestown,2014,Unsafe and Dangerous,1
Charlestown,2015,Failure to Obtain Permit,10
Charlestown,2015,Fire Protection Systems,1
Charlestown,2015,Maintenance,1
Charlestown,2015,Means of Egress,2
Charlestown,2015,Protection of Adj. Property,2
Charlestown,2015,Right of Entry,1
Charlestown,2015,Unsafe and Dangerous,3
Charlestown,2016,Failure to Obtain Permit,1
Charlestown,2016,Referenced Codes & Standards,1
Charlestown,2017,Building or Use of Premise req,1
Charlestown,2017,Maintenance,2
Charlestown,2017,No use of premises permit:,1
Charlestown,2017,Unsafe and Dangerous,4
Charlestown,2018,Failure to Obtain Permit,1
Charlestown,2018,I.S.S.U,1
Charlestown,2018,Protection of Adj. Property,1
Charlestown,2018,Unsafe and Dangerous,1
Charlestown,2019,Certificate of Occupancy,1
Charlestown,2019,Failure to Obtain Permit,1
Charlestown,2019,Int. Exit  Stairways & Ramps,1
Charlestown,2019,Maintenance,1
Charlestown,2019,Protection of Adj. Property,1
Charlestown,2019,Unsafe and Dangerous,3
Charlestown,2020,Maintenance,1
Charlestown,2020,Maintenance of Means of Egress,1
Charlestown,2020,Unsafe and Dangerous,2
Charlestown,2021,Failed to comply w permit term,1
Charlestown,2021,Means of Egress,1
Charlestown,2021,Protection of Adj. Property,1
Charlestown,2021,Testing & Certification,1
Charlestown,2022,Failed to comply w permit term,1
Charlestown,2022,Failure to Obtain Permit,2
Charlestown,2022,Maintenance,1
Charlestown,2022,Unsafe Structures,1
Charlestown,2024,Maintenance,1
Chinatown,2010,Application for Permit,3
Chinatown,2010,"Boxes, Where Required",1
Chinatown,2010,Certificate of Occupancy,1
Chinatown,2010,Covers & Canopies,1
Chinatown,2010,Inspections,1
Chinatown,2010,Maintenance,1
Chinatown,2010,Securing and Supporting,1
Chinatown,2010,Uses not permitted,1
Chinatown,2011,Application for Permit,1
Chinatown,2011,Inspections,1
Chinatown,2013,Access to Public Way,3
Chinatown,2013,Certificate of Occupancy,1
Chinatown,2013,Failure to Obtain Permit,1
Chinatown,2013,Fire Protection Systems,1
Chinatown,2013,Inspections,1
Chinatown,2013,Periodic Inspections,1
Chinatown,2013,Proper Maintenance,1
Chinatown,2013,Testing & Certification,1
Chinatown,2013,Unsafe and Dangerous,4
Chinatown,2014,Failure to Obtain Permit,1
Chinatown,2014,Periodic Inspections,1
Chinatown,2015,Failure to Obtain Permit,2
Chinatown,2015,Periodic Inspections,2
Chinatown,2016,Automatic Smoke Detection,1
Chinatown,2016,Emergency Exit,1
Chinatown,2016,Fire Protection Systems,1
Chinatown,2016,Testing & Certification,1
Chinatown,2017,Periodic Inspections,1
Chinatown,2018,Failure to Obtain Permit,2
Chinatown,2019,Locks and Latches,1
Chinatown,2019,Maintenance,2
Chinatown,2019,Testing & Certification,1
Chinatown,2022,Testing & Certification,4
Chinatown,2023,Maintenance,1
Chinatown,2023,Testing & Certification,1
Chinatown,2023,Unsafe Structures,1
Chinatown,2024,Protection of Adj. Property,1
Chinatown,2024,Testing & Certification,2
Dorchester,2010,Building or Use of Premise req,2
Dorchester,2010,Emergency Escape,1
Dorchester,2010,Failed to comply w PRMT terms,1
Dorchester,2010,Failure to secure permit,6
Dorchester,2010,Fire Escape Affidavit,1
Dorchester,2010,Hand Rails,1
Dorchester,2010,Inspections,28
Dorchester,2010,Maintenance,1
Dorchester,2010,Periodic Inspections,1
Dorchester,2010,Protection of Adj. Property,1
Dorchester,2010,Remove/Making Safe Structure,1
Dorchester,2010,Right of Entry,2
Dorchester,2010,Smoke Detectors,1
Dorchester,2010,Unsafe & Dangerous,2
Dorchester,2010,Unsafe Maintenance,13
Dorchester,2010,Unsafe Structure,2
Dorchester,2010,Unsafe and Dangerous,7
Dorchester,2011,Attachment,1
Dorchester,2011,Carbon Monoxide Protection,2
Dorchester,2011,Certificate of Inspection,1
Dorchester,2011,Common area branch circuits,1
Dorchester,2011,Dwelling unit branch circuits.,1
Dorchester,2011,Electrical Work w/out Permit,2
Dorchester,2011,Electrical Work w/out a Permit,1
Dorchester,2011,Failed to comply w PRMT terms,1
Dorchester,2011,Failure to Obtain Permit,16
Dorchester,2011,Failure to secure permit,6
Dorchester,2011,Fire Escape Affidavit,1
Dorchester,2011,Inspections,3
Dorchester,2011,Maintenance,11
Dorchester,2011,Means of Egress Illumination,1
Dorchester,2011,Permits to perform gas fitting,1
Dorchester,2011,Protection of Adj. Property,1
Dorchester,2011,Right of Entry,3
Dorchester,2011,Smoke Detectors,2
Dorchester,2011,Unsafe & Dangerous,3
Dorchester,2011,Unsafe Maintenance,3
Dorchester,2011,Unsafe Structures,3
Dorchester,2011,Unsafe and Dangerous,15
Dorchester,2012,Building or Use of Premise req,3
Dorchester,2012,Failed to comply w permit term,1
Dorchester,2012,Failure to Obtain Permit,24
Dorchester,2012,Failure to Secure Permit,6
Dorchester,2012,Failure to secure permit,2
Dorchester,2012,Maintenance,6
Dorchester,2012,Permits,1
Dorchester,2012,Right of Entry,7
Dorchester,2012,Size and Rating,1
Dorchester,2012,Testing & Certification,1
Dorchester,2012,Unsafe Structure,3
Dorchester,2012,Unsafe Structures,3
Dorchester,2012,Unsafe and Dangerous,24
Dorchester,2012,Uses not permitted,1
Dorchester,2013,Deteriorating Agents,1
Dorchester,2013,Electrical Connections,1
Dorchester,2013,Failed to comply w permit term,2
Dorchester,2013,Failure to Obtain Permit,20
Dorchester,2013,Failure to Secure Permit,5
Dorchester,2013,Fire Separation Assemblies,1
Dorchester,2013,Inspections,1
Dorchester,2013,Meter Tapping,2
Dorchester,2013,Minimum Requirements,1
Dorchester,2013,Protection of Adj. Property,1
Dorchester,2013,Revocation of Certificate,1
Dorchester,2013,Right of Entry,11
Dorchester,2013,Smoke alarm locations,1
Dorchester,2013,Testing & Certification,1
Dorchester,2013,Unsafe & Dangerous,1
Dorchester,2013,Unsafe Structure,1
Dorchester,2013,Unsafe and Dangerous,29
Dorchester,2013,Wiring Integrity,1
Dorchester,2014,Building or Use of Premise req,2
Dorchester,2014,Certificate of Occupancy,1
Dorchester,2014,Corridor Obstruction,1
Dorchester,2014,Failed to comply w permit term,5
Dorchester,2014,Failure to Obtain Permit,30
Dorchester,2014,Failure to Secure Permit,2
Dorchester,2014,Fire  & Smoke Alarm Systems,1
Dorchester,2014,Maintenance,3
Dorchester,2014,Other Laws,1
Dorchester,2014,Protection of Adj. Property,1
Dorchester,2014,Right of Entry,7
Dorchester,2014,Suspension or Revocation,2
Dorchester,2014,Testing & Certification,2
Dorchester,2014,Unsafe and Dangerous,29
Dorchester,2015,Building or Use of Premise req,2
Dorchester,2015,Covers & Canopies,1
Dorchester,2015,Elec. Equip. & Connections,1
Dorchester,2015,Exit Passageways,1
Dorchester,2015,Failed to comply w permit term,3
Dorchester,2015,Failure to Obtain Permit,21
Dorchester,2015,Failure to Secure Permit,1
Dorchester,2015,Guarding of Live parts,2
Dorchester,2015,Improper Electrical Repair,1
Dorchester,2015,Inspections,1
Dorchester,2015,Maintenance,6
Dorchester,2015,Mass. State Electrical Code,1
Dorchester,2015,Mechanical Execution of Work,1
Dorchester,2015,No use of premises permit:,2
Dorchester,2015,Openings to be closed.,1
Dorchester,2015,Periodic Inspections,1
Dorchester,2015,Protection of Adj. Property,1
Dorchester,2015,Right of Entry,10
Dorchester,2015,Securing and Supporting,1
Dorchester,2015,Smoke Alarms,1
Dorchester,2015,Unsafe and Dangerous,35
Dorchester,2015,Use of Premises,1
Dorchester,2015,Uses not permitted,1
Dorchester,2016,Exits Maintained,1
Dorchester,2016,Failed to comply w permit term,2
Dorchester,2016,Failure to Obtain Permit,7
Dorchester,2016,Failure to secure permit,2
Dorchester,2016,Maintenance,7
Dorchester,2016,No use of premises permit:,1
Dorchester,2016,Protection of Adj. Property,1
Dorchester,2016,Right of Entry,1
Dorchester,2016,Unsafe Maintenance,1
Dorchester,2016,Unsafe and Dangerous,16
Dorchester,2017,Construction Documents,1
Dorchester,2017,Door operations-Egress doors,1
Dorchester,2017,Elec work w/o per,1
Dorchester,2017,Failed to comply w permit term,1
Dorchester,2017,Failure to Obtain Permit,13
Dorchester,2017,Locks and Latches,1
Dorchester,2017,Maintenance,2
Dorchester,2017,Right of Entry,4
Dorchester,2017,Smoke Alarms,1
Dorchester,2017,Unsafe and Dangerous,13
Dorchester,2018,Acts 1956 as Amended,1
Dorchester,2018,Building or Use of Premise req,3
Dorchester,2018,Certificate of Occupancy,2
Dorchester,2018,Failure to Obtain Permit,12
Dorchester,2018,Failure to Secure Permit,1
Dorchester,2018,Failure to secure permit,3
Dorchester,2018,Maintenance,2
Dorchester,2018,Right of Entry,3
Dorchester,2018,Unsafe and Dangerous,11
Dorchester,2019,Certificate of Occupancy,1
Dorchester,2019,Electrical Work w/out a Permit,1
Dorchester,2019,Emergency Escape & Rescue,1
Dorchester,2019,Emergency escape and rescue,1
Dorchester,2019,Failed to comply w permit term,10
Dorchester,2019,Failure to Obtain Permit,25
Dorchester,2019,Failure to secure permit,2
Dorchester,2019,Maintenance,6
Dorchester,2019,Maintenance of Means of Egress,1
Dorchester,2019,Protection of Adj. Property,1
Dorchester,2019,Unsafe and Dangerous,12
Dorchester,2020,Certificate of Occupancy,1
Dorchester,2020,Failed to comply w permit term,2
Dorchester,2020,Failure to Obtain Permit,15
Dorchester,2020,Inspections,1
Dorchester,2020,Maintenance,4
Dorchester,2020,Maintenance of Means of Egress,1
Dorchester,2020,Suspension or Revocation,1
Dorchester,2020,Unsafe and Dangerous,11
Dorchester,2021,Failure to Obtain Permit,23
Dorchester,2021,Maintenance,4
Dorchester,2021,Requirements,1
Dorchester,2021,Unsafe Structures,6
Dorchester,2021,Unsafe and Dangerous,8
Dorchester,2022,Building or Use of Premise req,1
Dorchester,2022,Failure to Obtain Permit,15
Dorchester,2022,Maintenance,6
Dorchester,2022,Right of Entry,1
Dorchester,2022,Testing & Certification,1
Dorchester,2022,Unlawful Continuance,1
Dorchester,2022,Unsafe Structures,12
Dorchester,2022,Unsafe and Dangerous,2
Dorchester,2023,Failure to Obtain Permit,5
Dorchester,2023,Maintenance,4
Dorchester,2023,Right of Entry,2
Dorchester,2023,Unsafe Structures,9
Dorchester,2024,Building or Use of Premise req,1
Dorchester,2024,Failed to comply w permit term,2
Dorchester,2024,Failure to Obtain Permit,19
Dorchester,2024,Inspections,2
Dorchester,2024,Maintenance,10
Dorchester,2024,Right of Entry,3
Dorchester,2024,Testing & Certification,3
Dorchester,2024,Unsafe Structures,8
Downtown,2010,Inspections,5
Downtown,2010,Maintenance,1
Downtown,2010,Right of Entry,1
Downtown,2010,Unsafe Maintenance,1
Downtown,2011,Failure to Obtain Permit,1
Downtown,2011,Inspections,1
Downtown,2011,Maintenance,3
Downtown,2011,Unsafe & Dangerous,1
Downtown,2011,Unsafe Structures,2
Downtown,2011,Unsafe and Dangerous,1
Downtown,2012,Effect of Non-Conforming Use,1
Downtown,2012,Egress Maintenance,1
Downtown,2012,Failure to Obtain Permit,3
Downtown,2012,Handrails,1
Downtown,2012,Maintenance,1
Downtown,2012,Means of Egress,2
Downtown,2012,Other Laws,1
Downtown,2012,Periodic Inspections,1
Downtown,2012,Permits,1
Downtown,2012,Protection of Pedestrians,1
Downtown,2012,Unsafe and Dangerous,5
Downtown,2013,Certificate of Occupancy,1
Downtown,2013,Failure to Obtain Permit,1
Downtown,2013,Failure to Secure Permit,1
Downtown,2013,Number of Exits or Exit Access,1
Downtown,2013,Right of Entry,2
Downtown,2013,Testing & Certification,4
Downtown,2013,Unsafe and Dangerous,4
Downtown,2014,Certificate of Occupancy,4
Downtown,2014,Failure to Obtain Permit,3
Downtown,2014,Inspections,1
Downtown,2014,Testing & Certification,3
Downtown,2014,Unsafe and Dangerous,3
Downtown,2015,Certificate of Occupancy,1
Downtown,2015,Construction Safeguards,1
Downtown,2015,Failed to comply w permit term,1
Downtown,2015,Failure to Obtain Permit,3
Downtown,2015,Maintenance,4
Downtown,2015,Minimum Number of Exits,1
Downtown,2015,Proper Maintenance,2
Downtown,2015,Protection of Adj. Property,1
Downtown,2015,Right of Entry,1
Downtown,2015,Testing & Certification,3
Downtown,2015,Unsafe and Dangerous,5
Downtown,2016,Failure to Obtain Permit,3
Downtown,2016,Maintenance,3
Downtown,2016,Natural Ventilation,1
Downtown,2016,Property Maintenance,1
Downtown,2016,Right of Entry,1
Downtown,2016,Testing & Certification,2
Downtown,2016,Unsafe Structure,1
Downtown,2016,Unsafe and Dangerous,2
Downtown,2016,Ventilation,1
Downtown,2017,Exits Maintained,1
Downtown,2017,Failure to Obtain Permit,9
Downtown,2017,Fire Protection Systems,1
Downtown,2017,Maintenance,3
Downtown,2017,Means of Egress,1
Downtown,2017,Minimum Number of Exits,1
Downtown,2017,Proper Maintenance,1
Downtown,2017,Reg. Access to Roof Areas,1
Downtown,2017,Testing & Certification,6
Downtown,2017,Unsafe and Dangerous,3
Downtown,2018,Failed to comply w permit term,1
Downtown,2018,Failure to Obtain Permit,2
Downtown,2018,Unsafe and Dangerous,2
Downtown,2019,Certificate of Inspection,1
Downtown,2019,Failed to comply w permit term,2
Downtown,2019,Failure to Obtain Permit,3
Downtown,2019,Foyer & Lobbies,1
Downtown,2019,Installation; 2015,1
Downtown,2019,Maintenance,5
Downtown,2019,Municipal Bylaws or Ordinances,1
Downtown,2019,Protection of Adj. Property,1
Downtown,2019,Storage and Placement-material,1
Downtown,2019,Testing & Certification,2
Downtown,2019,Unsafe and Dangerous,6
Downtown,2020,Basic Principles,1
Downtown,2020,Building or Use of Premise req,2
Downtown,2020,Failure to Obtain Permit,2
Downtown,2020,Fire Protection Systems,1
Downtown,2020,Maintenance,7
Downtown,2020,Means of Egress,1
Downtown,2020,Testing & Certification,10
Downtown,2020,Unsafe and Dangerous,1
Downtown,2021,Failure to Obtain Permit,1
Downtown,2021,Inspection of exterior walls.,2
Downtown,2021,Maintenance,4
Downtown,2021,Minimum Number of Exits,1
Downtown,2021,Testing & Certification,3
Downtown,2022,Failure to Obtain Permit,5
Downtown,2022,Maintenance,3
Downtown,2022,Minimum Number of Exits,1
Downtown,2022,Testing & Certification,11
Downtown,2023,Maintenance,1
Downtown,2023,Protection of Adj. Property,1
Downtown,2023,Testing & Certification,3
Downtown,2023,Unsafe Structures,2
Downtown,2023,Unsafe and Dangerous,1
Downtown,2024,Failed to comply w permit term,1
Downtown,2024,Failure to Obtain Permit,2
Downtown,2024,Maintenance,7
Downtown,2024,Minimum Number of Exits,1
Downtown,2024,Testing & Certification,6
Downtown,2024,Unsafe Structures,1
East Boston,2009,Inspections,1
East Boston,2010,Compliance with Permit,1
East Boston,2010,Failed to comply w PRMT terms,2
East Boston,2010,Failure to Comply w Bldg Code,1
East Boston,2010,Failure to secure permit,15
East Boston,2010,Inspections,17
East Boston,2010,Maintenance,4
East Boston,2010,Means of Egress,2
East Boston,2010,Protection of Adj. Property,3
East Boston,2010,Right of Entry,8
East Boston,2010,Spaces About Elect. Equip.,1
East Boston,2010,Unlawful Acts,1
East Boston,2010,Unsafe Maintenance,5
East Boston,2010,Unsafe Structure,4
East Boston,2010,Unsafe Structures,1
East Boston,2010,Unsafe and Dangerous,11
East Boston,2011,Deteriorating Agents,1
East Boston,2011,Failed to comply w PRMT terms,2
East Boston,2011,Failed to comply w permit term,2
East Boston,2011,Failure to Comply w Bldg Code,1
East Boston,2011,Failure to Obtain Permit,14
East Boston,2011,Failure to secure permit,1
East Boston,2011,False Statements,1
East Boston,2011,Fire Warning Systems,1
East Boston,2011,Inspections,4
East Boston,2011,Maintenance,10
East Boston,2011,Means of Egress,1
East Boston,2011,On-Site Presence of Supervisor,1
East Boston,2011,Proper Maintenance,1
East Boston,2011,Protection of Adj. Property,1
East Boston,2011,Right of Entry,1
East Boston,2011,Testing & Certification,3
East Boston,2011,Unsafe Maintenance,2
East Boston,2011,Unsafe Structure,3
East Boston,2011,Unsafe Structures,1
East Boston,2011,Unsafe and Dangerous,24
East Boston,2011,Use & Occupancy,1
East Boston,2011,Workmanship,1
East Boston,2012,Certificate of Occupancy,2
East Boston,2012,Failed to comply w permit term,2
East Boston,2012,Failure to Obtain Permit,20
East Boston,2012,Failure to Secure Permit,2
East Boston,2012,Failure to secure permit,2
East Boston,2012,Maintenance,4
East Boston,2012,Means of Egress,1
East Boston,2012,Protection of Adj. Property,2
East Boston,2012,Protection of Pedestrians,2
East Boston,2012,Right of Entry,7
East Boston,2012,Testing & Certification,3
East Boston,2012,Unsafe Maintenance,1
East Boston,2012,Unsafe Structure,1
East Boston,2012,Unsafe Structures,1
East Boston,2012,Unsafe and Dangerous,27
East Boston,2013,Carbon monoxide alarms,1
East Boston,2013,Certificate of Occupancy,6
East Boston,2013,Electrical Connections,1
East Boston,2013,Failed to comply w permit term,2
East Boston,2013,Failure to Obtain Permit,17
East Boston,2013,Means of Egress,1
East Boston,2013,Mechanical Execution of Work,1
East Boston,2013,No GFCI in Kithen,1
East Boston,2013,Protection of Adj. Property,2
East Boston,2013,Right of Entry,4
East Boston,2013,Testing & Certification,2
East Boston,2013,Unsafe Structure,1
East Boston,2013,Unsafe and Dangerous,23
East Boston,2014,Egress Maintenance,1
East Boston,2014,Failure to Obtain Permit,10
East Boston,2014,Failure to Secure Permit,3
East Boston,2014,Inspections,1
East Boston,2014,Right of Entry,5
East Boston,2014,Unsafe and Dangerous,15
East Boston,2015,Access to Public Way,1
East Boston,2015,Failure to Obtain Permit,7
East Boston,2015,Maintenance,3
East Boston,2015,Right of Entry,7
East Boston,2015,Rooves and drainage,1
East Boston,2015,Unsafe and Dangerous,12
East Boston,2016,Exits Maintained,1
East Boston,2016,Failure to Obtain Permit,11
East Boston,2016,Maintenance,1
East Boston,2016,Means of Egress,2
East Boston,2016,Protection of Adj. Property,2
East Boston,2016,Right of Entry,6
East Boston,2016,Testing & Certification,1
East Boston,2016,Unsafe and Dangerous,7
East Boston,2017,Failure to Obtain Permit,5
East Boston,2017,Maintenance,1
East Boston,2017,Right of Entry,1
East Boston,2017,Unsafe and Dangerous,5
East Boston,2018,Failed to comply w permit term,1
East Boston,2018,Failure to Obtain Permit,7
East Boston,2018,Unsafe and Dangerous,4
East Boston,2019,Acts 1956 as Amended,2
East Boston,2019,Failed to comply w permit term,2
East Boston,2019,Failure to Obtain Permit,13
East Boston,2019,Maintenance,1
East Boston,2019,Reg. of Construction Hour,1
East Boston,2019,Testing & Certification,1
East Boston,2019,Unsafe and Dangerous,1
East Boston,2020,Failed to comply w permit term,2
East Boston,2020,Failure to Obtain Permit,7
East Boston,2020,Maintenance,2
East Boston,2020,Right of Entry,4
East Boston,2021,Certificate of Occupancy,1
East Boston,2021,Failure to Obtain Permit,7
East Boston,2021,Maintenance,1
East Boston,2021,Unsafe Structures,2
East Boston,2022,Failure to Obtain Permit,8
East Boston,2022,Maintenance of Means of Egress,1
East Boston,2022,Protection of Adj. Property,1
East Boston,2022,Testing & Certification,20
East Boston,2022,Underpinning,1
East Boston,2022,Unsafe Structures,9
East Boston,2023,Failure to Obtain Permit,6
East Boston,2023,Maintenance,4
East Boston,2023,Protection of Adj. Property,1
East Boston,2023,Testing & Certification,1
East Boston,2023,Unlawful Continuance,1
East Boston,2023,Unsafe Structures,4
East Boston,2024,Failed to comply w permit term,1
East Boston,2024,Failure to Obtain Permit,8
East Boston,2024,Location of Exhaust Outlets,1
East Boston,2024,Maintenance,5
East Boston,2024,Maintenance of Means of Egress,1
East Boston,2024,Projections,1
East Boston,2024,Protection of Adj. Property,1
East Boston,2024,Termination,1
East Boston,2024,Unsafe and Dangerous,1
Fenway,2009,Maintenance,1
Fenway,2010,Emergency Escape,1
Fenway,2010,Failure to secure permit,1
Fenway,2010,Fire Escape Affidavit,1
Fenway,2010,Inspections,7
Fenway,2010,Penetrations & Joints,1
Fenway,2010,Testing & Certification,2
Fenway,2010,Unsafe Maintenance,2
Fenway,2011,Electrical Work w/out a Permit,1
Fenway,2011,Emergency Escape,1
Fenway,2011,Emergency Escape & Rescue,1
Fenway,2011,Failure to Obtain Permit,4
Fenway,2011,Fire Protection Systems,1
Fenway,2011,Foyer & Lobbies,2
Fenway,2011,Maintenance,2
Fenway,2011,Maximum Height from Floor,1
Fenway,2011,Periodic Inspections,1
Fenway,2011,Referenced Codes,1
Fenway,2011,Testing & Certification,1
Fenway,2011,Unsafe and Dangerous,2
Fenway,2012,Building or Use of Premise req,2
Fenway,2012,Certificate of Inspection,1
Fenway,2012,Clearance,1
Fenway,2012,Failure to Obtain Permit,3
Fenway,2012,Inspections,2
Fenway,2012,Maintenance,1
Fenway,2012,Mass. State Electrical Code,1
Fenway,2012,Unsafe Structures,1
Fenway,2012,Unsafe and Dangerous,1
Fenway,2013,Certificate of Inspection,1
Fenway,2013,Certificate of Occupancy,1
Fenway,2013,Deteriorating Agents,1
Fenway,2013,Failed to comply w permit term,1
Fenway,2013,Failure to Obtain Permit,7
Fenway,2013,General Repairs,1
Fenway,2013,Illegally occupied prior to CO,1
Fenway,2013,Inspections,1
Fenway,2013,Permits,1
Fenway,2013,Unsafe and Dangerous,7
Fenway,2013,Working Without a Permit,1
Fenway,2014,Applications & Permits,1
Fenway,2014,Certificate of Occupancy,1
Fenway,2014,Failed to comply w permit term,1
Fenway,2014,Failure to Obtain Permit,3
Fenway,2014,Unsafe and Dangerous,8
Fenway,2015,Certificate of Occupancy,1
Fenway,2015,Periodic Inspections,1
Fenway,2015,Testing & Certification,1
Fenway,2015,Unsafe and Dangerous,2
Fenway,2016,Certificate of Occupancy,1
Fenway,2016,Failed to comply w permit term,1
Fenway,2016,Failure to Obtain Permit,3
Fenway,2016,Means of Egress,1
Fenway,2016,Permits,1
Fenway,2016,Testing & Certification,2
Fenway,2017,Failed to comply w permit term,1
Fenway,2017,Failure to Obtain Permit,1
Fenway,2017,Maintenance,1
Fenway,2017,Means of Egress,1
Fenway,2017,Other Laws,1
Fenway,2017,Testing & Certification,1
Fenway,2017,Unsafe and Dangerous,4
Fenway,2018,Failure to Obtain Permit,3
Fenway,2018,Maintenance,3
Fenway,2018,Unsafe and Dangerous,2
Fenway,2019,Basic Principles,1
Fenway,2019,Means of Egress,1
Fenway,2019,Testing & Certification,8
Fenway,2019,Unsafe Maintanence,1
Fenway,2019,Unsafe and Dangerous,4
Fenway,2020,Failure to Obtain Permit,1
Fenway,2020,Maintenance,1
Fenway,2020,Periodic Inspections,1
Fenway,2021,Failure to Obtain Permit,3
Fenway,2021,Maintenance,4
Fenway,2021,Periodic Inspections,1
Fenway,2021,Testing & Certification,2
Fenway,2021,Unsafe Structures,1
Fenway,2021,Working Space,1
Fenway,2022,Egress through intervening spaces,1
Fenway,2022,Emergency Escape & Rescue,1
Fenway,2022,Failure to Obtain Permit,3
Fenway,2022,Inspections,1
Fenway,2022,Maintenance,3
Fenway,2022,Suspension or Revocation,3
Fenway,2022,Testing & Certification,20
Fenway,2023,Emergency Escape & Rescue,1
Fenway,2023,Failure to Obtain Permit,4
Fenway,2023,Inspections,1
Fenway,2023,Maintenance,3
Fenway,2023,Periodic Inspections,1
Fenway,2023,Right of Entry,2
Fenway,2023,Testing & Certification,5
Fenway,2024,Failed to comply w permit term,1
Fenway,2024,Failure to Obtain Permit,6
Fenway,2024,Maintenance,4
Fenway,2024,Notice of Violation,1
Fenway,2024,Periodic Inspections,1
Fenway,2024,Slope,1
Fenway,2024,Testing & Certification,11
Fenway,2024,Unsafe and Dangerous,1
Hyde Park,2010,Building or Use of Premise req,1
Hyde Park,2010,Failure to secure permit,3
Hyde Park,2010,Inspections,1
Hyde Park,2010,Maintenance,1
Hyde Park,2010,Right of Entry,2
Hyde Park,2010,Unsafe & Dangerous,1
Hyde Park,2010,Unsafe and Dangerous,1
Hyde Park,2011,Failure to Obtain Permit,1
Hyde Park,2011,Failure to secure permit,3
Hyde Park,2011,Maintenance,2
Hyde Park,2011,Right of Entry,2
Hyde Park,2011,Unsafe & Dangerous,1
Hyde Park,2011,Unsafe and Dangerous,5
Hyde Park,2012,Building or Use of Premise req,2
Hyde Park,2012,Failure to Obtain Permit,5
Hyde Park,2012,Failure to Secure Permit,1
Hyde Park,2012,Failure to secure permit,1
Hyde Park,2012,Permits,3
Hyde Park,2012,Right of Entry,1
Hyde Park,2012,Unsafe Maintenance,1
Hyde Park,2012,Unsafe and Dangerous,2
Hyde Park,2013,Failure to Obtain Permit,5
Hyde Park,2013,Permits,1
Hyde Park,2013,Right of Entry,2
Hyde Park,2013,Unsafe and Dangerous,8
Hyde Park,2014,Certificate of Occupancy,1
Hyde Park,2014,Failure to Obtain Permit,1
Hyde Park,2014,Permits to perform gas fitting,1
Hyde Park,2014,Suspension or Revocation,1
Hyde Park,2014,Unsafe and Dangerous,3
Hyde Park,2015,Failure to Obtain Permit,4
Hyde Park,2015,Locks and Latches,1
Hyde Park,2015,Right of Entry,2
Hyde Park,2015,Testing & Certification,1
Hyde Park,2015,Unsafe and Dangerous,2
Hyde Park,2016,Failure to Obtain Permit,2
Hyde Park,2016,Maintenance,1
Hyde Park,2016,Unsafe and Dangerous,4
Hyde Park,2017,Failure to Obtain Permit,8
Hyde Park,2018,Certificate of Occupancy,1
Hyde Park,2018,Failure to Obtain Permit,5
Hyde Park,2018,Maintenance,1
Hyde Park,2018,Unsafe and Dangerous,1
Hyde Park,2019,Failure to Obtain Permit,4
Hyde Park,2019,Maintenance,1
Hyde Park,2019,Unsafe and Dangerous,3
Hyde Park,2020,Building or Use of Premise req,1
Hyde Park,2020,Failed to comply w permit term,1
Hyde Park,2020,Failure to Obtain Permit,5
Hyde Park,2020,Inspections,1
Hyde Park,2020,Unsafe and Dangerous,2
Hyde Park,2021,Failure to Obtain Permit,3
Hyde Park,2021,National Fuel Gas Code,1
Hyde Park,2021,Unsafe Structures,3
Hyde Park,2021,Unsafe and Dangerous,1
Hyde Park,2022,Failure to Obtain Permit,3
Hyde Park,2022,Fire Blocking Required,1
Hyde Park,2022,Maintenance,3
Hyde Park,2022,Maintenance of Means of Egress,1
Hyde Park,2022,Requirements,1
Hyde Park,2022,Right of Entry,2
Hyde Park,2022,Testing & Certification,2
Hyde Park,2022,Unsafe Structures,1
Hyde Park,2022,Unsafe and Dangerous,1
Hyde Park,2022,Working Space,1
Hyde Park,2023,Emergency Openings,1
Hyde Park,2023,Failure to Obtain Permit,3
Hyde Park,2023,Maintenance,1
Hyde Park,2023,Testing & Certification,1
Hyde Park,2023,Unsafe Structures,1
Hyde Park,2024,Failure to Obtain Permit,3
Hyde Park,2024,Maintenance,4
Hyde Park,2024,Protection of Adj. Property,1
Hyde Park,2024,Unsafe Structures,2
Jamaica Plain,2010,Building Illegally Occupied,1
Jamaica Plain,2010,Failure to secure permit,1
Jamaica Plain,2010,Illegally occupied prior to CO,1
Jamaica Plain,2010,Inspections,7
Jamaica Plain,2010,Maintenance,1
Jamaica Plain,2010,Means of Egress,1
Jamaica Plain,2010,Unsafe Maintenance,4
Jamaica Plain,2010,Unsafe and Dangerous,4
Jamaica Plain,2011,Building or Use of Premise req,1
Jamaica Plain,2011,Certificate of Occupancy,1
Jamaica Plain,2011,Failure to Obtain Permit,4
Jamaica Plain,2011,Illegally occupied prior to CO,1
Jamaica Plain,2011,Inspections,3
Jamaica Plain,2011,Overcurrent Protection,1
Jamaica Plain,2011,Right of Entry,2
Jamaica Plain,2011,Unsafe and Dangerous,3
Jamaica Plain,2012,Electrical Work w/out Permit,1
Jamaica Plain,2012,Failure to Obtain Permit,7
Jamaica Plain,2012,Failure to Secure Permit,1
Jamaica Plain,2012,Maintenance,2
Jamaica Plain,2012,Unsafe and Dangerous,4
Jamaica Plain,2013,"Examination,identify,install",1
Jamaica Plain,2013,Failed to comply w permit term,1
Jamaica Plain,2013,Failure to Obtain Permit,2
Jamaica Plain,2013,Failure to Secure Permit,2
Jamaica Plain,2013,Integrity of elec. equipment,1
Jamaica Plain,2013,Mass State Plumbing Code,1
Jamaica Plain,2013,Means of Attachment,1
Jamaica Plain,2013,Mechanical Execution of Work,1
Jamaica Plain,2013,Unsafe and Dangerous,4
Jamaica Plain,2013,Waste Water,1
Jamaica Plain,2014,Building or Use of Premise req,1
Jamaica Plain,2014,Certificate of Occupancy,1
Jamaica Plain,2014,Electrical Connections,1
Jamaica Plain,2014,Electrical Work w/out Permit,1
Jamaica Plain,2014,Failed to comply w permit term,1
Jamaica Plain,2014,Failure to Obtain Permit,11
Jamaica Plain,2014,Inspections,1
Jamaica Plain,2014,Maintenance,4
Jamaica Plain,2014,Mechanical Execution of Work,1
Jamaica Plain,2014,Right of Entry,1
Jamaica Plain,2014,Testing & Certification,1
Jamaica Plain,2014,Unsafe and Dangerous,4
Jamaica Plain,2014,Unused openings,1
Jamaica Plain,2014,Wiring Integrity,1
Jamaica Plain,2015,Certificate of Occupancy,1
Jamaica Plain,2015,Failed to comply w permit term,1
Jamaica Plain,2015,Failure to Obtain Permit,3
Jamaica Plain,2015,Maintenance,1
Jamaica Plain,2015,No use of premises permit:,1
Jamaica Plain,2015,Right of Entry,2
Jamaica Plain,2015,Suspension or Revocation,2
Jamaica Plain,2015,Unsafe and Dangerous,4
Jamaica Plain,2016,Failure to Obtain Permit,2
Jamaica Plain,2016,Unsafe Maintenance,1
Jamaica Plain,2016,Unsafe and Dangerous,2
Jamaica Plain,2017,Failure to Obtain Permit,3
Jamaica Plain,2017,Permits,1
Jamaica Plain,2017,Unsafe and Dangerous,2
Jamaica Plain,2018,Failed to comply w permit term,1
Jamaica Plain,2018,Failure to Obtain Permit,5
Jamaica Plain,2018,Unsafe and Dangerous,2
Jamaica Plain,2019,Failure to Obtain Permit,1
Jamaica Plain,2019,Maintenance,2
Jamaica Plain,2019,Right of Entry,1
Jamaica Plain,2019,Testing & Certification,1
Jamaica Plain,2019,Unsafe and Dangerous,2
Jamaica Plain,2020,Certificate of Occupancy,1
Jamaica Plain,2020,Failed to comply w permit term,1
Jamaica Plain,2020,Failure to Obtain Permit,2
Jamaica Plain,2020,Maintenance,2
Jamaica Plain,2020,Unsafe and Dangerous,1
Jamaica Plain,2021,Certificate of Occupancy,1
Jamaica Plain,2021,Failed to comply w permit term,1
Jamaica Plain,2021,Failure to Obtain Permit,3
Jamaica Plain,2021,Fire Blocking Required,1
Jamaica Plain,2021,Testing & Certification,1
Jamaica Plain,2021,Unsafe and Dangerous,2
Jamaica Plain,2022,Failure to Obtain Permit,2
Jamaica Plain,2022,Suspension or Revocation,1
Jamaica Plain,2022,Unsafe Structures,1
Jamaica Plain,2023,Building or Use of Premise req,1
Jamaica Plain,2023,Failure to Obtain Permit,2
Jamaica Plain,2023,Maintenance,1
Jamaica Plain,2023,Unsafe Structures,2
Jamaica Plain,2024,Deteriorating Agents,1
Jamaica Plain,2024,Failure to Obtain Permit,3
Jamaica Plain,2024,Maintenance,1
Jamaica Plain,2024,Maintenance of Means of Egress,1
Mattapan,2010,Door Locks,1
Mattapan,2010,Failure to secure permit,3
Mattapan,2010,Inspections,4
Mattapan,2010,Maintenance,3
Mattapan,2010,Permits to perform gas fitting,2
Mattapan,2010,Right of Entry,1
Mattapan,2010,Unsafe & Dangerous,1
Mattapan,2010,Unsafe Maintenance,1
Mattapan,2010,Unsafe Structures,1
Mattapan,2010,Unsafe and Dangerous,2
Mattapan,2011,Building or Use of Premise req,1
Mattapan,2011,Egress,1
Mattapan,2011,Emergency Escape,1
Mattapan,2011,Failure to secure permit,1
Mattapan,2011,Right of Entry,2
Mattapan,2011,Unsafe Maintenance,1
Mattapan,2011,Unsafe and Dangerous,6
Mattapan,2012,Emergency Escape,1
Mattapan,2012,Failure to Obtain Permit,1
Mattapan,2012,Failure to secure permit,1
Mattapan,2012,Maintenance,4
Mattapan,2012,Permits,1
Mattapan,2012,Right of Entry,1
Mattapan,2012,Unsafe & Dangerous,1
Mattapan,2012,Unsafe and Dangerous,1
Mattapan,2013,Deteriorating Agents,1
Mattapan,2013,Failure to Obtain Permit,5
Mattapan,2013,Failure to secure permit,1
Mattapan,2013,Periodic Inspections,1
Mattapan,2013,Right of Entry,1
Mattapan,2013,Unsafe & Dangerous,1
Mattapan,2013,Unsafe and Dangerous,5
Mattapan,2013,Working Space,1
Mattapan,2014,Right of Entry,1
Mattapan,2014,Unsafe and Dangerous,3
Mattapan,2015,Emergency Escape,1
Mattapan,2015,Failure to Obtain Permit,3
Mattapan,2015,Maintenance,1
Mattapan,2015,No use of premises permit:,1
Mattapan,2015,Reg. of Construction Hour,1
Mattapan,2015,Unsafe and Dangerous,11
Mattapan,2016,Failure to Obtain Permit,3
Mattapan,2016,Flex cords/cables not permited,1
Mattapan,2016,Maintenance,2
Mattapan,2016,Spaces about electrical equip,1
Mattapan,2016,Unsafe and Dangerous,5
Mattapan,2017,Failure to Obtain Permit,4
Mattapan,2017,Locks and Latches,1
Mattapan,2017,Right of Entry,1
Mattapan,2017,Unsafe and Dangerous,2
Mattapan,2018,Failure to Obtain Permit,4
Mattapan,2018,Fire and Smoke Protection,1
Mattapan,2018,Required Inspections,1
Mattapan,2018,Unsafe and Dangerous,2
Mattapan,2019,Emergency Escape & Rescue,1
Mattapan,2019,Failed to comply w permit term,1
Mattapan,2019,Failure to Obtain Permit,1
Mattapan,2019,Unsafe and Dangerous,5
Mattapan,2020,Certificate of Occupancy,1
Mattapan,2020,Failure to Obtain Permit,3
Mattapan,2020,Maintenance,1
Mattapan,2020,Unsafe and Dangerous,4
Mattapan,2021,Emergency escape and rescue,1
Mattapan,2021,Failure to Obtain Permit,3
Mattapan,2021,Unsafe Structures,2
Mattapan,2021,Unsafe and Dangerous,1
Mattapan,2022,Emergency escape and rescue,1
Mattapan,2022,Failure to Obtain Permit,5
Mattapan,2022,Right of Entry,1
Mattapan,2022,Testing & Certification,2
Mattapan,2023,Failure to Obtain Permit,1
Mattapan,2023,Maintenance,1
Mattapan,2023,Unsafe Structures,1
Mattapan,2024,Failure to Obtain Permit,5
Mattapan,2024,Maintenance,3
Mattapan,2024,Unsafe Structures,2
Mission Hill,2010,Building or Use of Premise req,1
Mission Hill,2010,Certificate of Inspection,1
Mission Hill,2010,Compliance with Permit,1
Mission Hill,2010,Egress,1
Mission Hill,2010,Emergency Escape & Rescue,1
Mission Hill,2010,Failure to secure permit,1
Mission Hill,2010,Fire Escape Affidavit,1
Mission Hill,2010,Inspections,5
Mission Hill,2010,Maintenance,1
Mission Hill,2010,Maintenance of Exterior,1
Mission Hill,2010,Right of Entry,1
Mission Hill,2010,Unsafe Maintenance,2
Mission Hill,2010,Unsafe and Dangerous,2
Mission Hill,2011,Building or Use of Premise req,2
Mission Hill,2011,Certificate of Inspection,2
Mission Hill,2011,Failure to Obtain Permit,9
Mission Hill,2011,Failure to secure permit,1
Mission Hill,2011,Inspections,3
Mission Hill,2011,Maintenance,6
Mission Hill,2011,Means of Egress,1
Mission Hill,2011,Smoke Detectors,1
Mission Hill,2011,Unsafe Maintenance,1
Mission Hill,2011,Unsafe Structure,1
Mission Hill,2011,Unsafe and Dangerous,4
Mission Hill,2012,Certificate of Occupancy,1
Mission Hill,2012,Failure to Obtain Permit,6
Mission Hill,2012,Failure to Secure Permit,6
Mission Hill,2012,Maintenance,1
Mission Hill,2012,Permits,1
Mission Hill,2012,Unlawful Acts,2
Mission Hill,2012,Unsafe Maintenance,1
Mission Hill,2012,Unsafe Structures,2
Mission Hill,2012,Unsafe and Dangerous,5
Mission Hill,2013,Amended Constuction documanets,1
Mission Hill,2013,Building or Use of Premise req,3
Mission Hill,2013,Certificate of Occupancy,2
Mission Hill,2013,Emergency escape and rescue,1
Mission Hill,2013,Failure to Obtain Permit,8
Mission Hill,2013,Failure to Secure Permit,1
Mission Hill,2013,Inspections,1
Mission Hill,2013,Occupancy,1
Mission Hill,2013,Protection of Adj. Property,1
Mission Hill,2013,Unsafe and Dangerous,9
Mission Hill,2014,Certificate of Occupancy,3
Mission Hill,2014,Egress,1
Mission Hill,2014,Emergency Escape & Rescue,1
Mission Hill,2014,Failed to comply w permit term,1
Mission Hill,2014,Failure to Obtain Permit,4
Mission Hill,2014,Failure to Secure Permit,3
Mission Hill,2014,Failure to secure permit,1
Mission Hill,2014,Right of Entry,3
Mission Hill,2014,Unsafe and Dangerous,5
Mission Hill,2015,Certificate of Inspection,1
Mission Hill,2015,Failure to Obtain Permit,9
Mission Hill,2015,Foyer & Lobbies,1
Mission Hill,2015,Maintenance,5
Mission Hill,2015,Periodic Inspections,1
Mission Hill,2015,Protection of Adj. Property,1
Mission Hill,2015,Right of Entry,5
Mission Hill,2015,Testing & Certification,3
Mission Hill,2015,Unsafe and Dangerous,9
Mission Hill,2017,Failure to Obtain Permit,1
Mission Hill,2017,Unsafe and Dangerous,2
Mission Hill,2018,Failure to Obtain Permit,1
Mission Hill,2018,Right of Entry,1
Mission Hill,2018,Testing & Certification,2
Mission Hill,2019,Failure to Obtain Permit,1
Mission Hill,2019,Maintenance,1
Mission Hill,2019,Right of Entry,3
Mission Hill,2021,Failure to Obtain Permit,1
Mission Hill,2021,Maintenance,1
Mission Hill,2021,Unsafe Building & Structures,1
Mission Hill,2021,Unsafe and Dangerous,2
Mission Hill,2022,Failure to Obtain Permit,5
Mission Hill,2022,Maintenance,3
Mission Hill,2022,Reg. Access to Roof Areas,1
Mission Hill,2023,Emergency Escape & Rescue,1
Mission Hill,2023,Failure to Obtain Permit,3
Mission Hill,2023,Maintenance,5
Mission Hill,2023,Testing & Certification,1
Mission Hill,2024,Failed to comply w permit term,1
Mission Hill,2024,Failure to Obtain Permit,6
Mission Hill,2024,Maintenance,7
Mission Hill,2024,Mass State Plumbing Code,4
Mission Hill,2024,Testing & Certification,2
Mission Hill,2024,Unsafe Structures,2
Mission Hill,2024,Working Without a Permit,2
North End,2010,Inspections,1
North End,2010,Maintenance,2
North End,2010,Smoke Detectors,1
North End,2010,Testing & Certification,1
North End,2011,Certificate of Occupancy,1
North End,2011,Unsafe Structures,3
North End,2012,Failure to Obtain Permit,2
North End,2012,Unsafe Structures,1
North End,2012,Unsafe and Dangerous,2
North End,2013,Failed to comply w permit term,2
North End,2013,Failure to Obtain Permit,1
North End,2013,Fire Protection Systems,1
North End,2013,Inspections,1
North End,2013,Testing & Certification,2
North End,2013,Unsafe and Dangerous,4
North End,2014,Covers & Canopies,1
North End,2014,Failure to Obtain Permit,4
North End,2014,Fire Walls,1
North End,2014,Maintenance,1
North End,2014,Protection of Adj. Property,2
North End,2014,Secured in Place,1
North End,2014,Support Wires,1
North End,2014,Testing & Certification,16
North End,2014,Unsafe and Dangerous,4
North End,2015,Access to Public Way,1
North End,2015,Certificate of Occupancy,1
North End,2015,Failure to Obtain Permit,3
North End,2015,Fire Walls,1
North End,2015,Testing & Certification,13
North End,2015,Unsafe and Dangerous,10
North End,2016,Failure to Obtain Permit,2
North End,2016,Maintenance,1
North End,2016,Temporary Occupancy,1
North End,2016,Testing & Certification,6
North End,2016,Unsafe and Dangerous,1
North End,2017,Exit Passageways,1
North End,2017,Failed to comply w permit term,1
North End,2017,Failure to Obtain Permit,1
North End,2017,Maintenance,1
North End,2017,Testing & Certification,2
North End,2017,Unsafe and Dangerous,5
North End,2018,Failure to Obtain Permit,1
North End,2018,Testing & Certification,1
North End,2018,Unsafe and Dangerous,4
North End,2019,Failure to Obtain Permit,2
North End,2019,Fire Protection Systems,1
North End,2019,Maintenance,1
North End,2019,Right of Entry,1
North End,2019,Testing & Certification,3
North End,2019,Unsafe and Dangerous,9
North End,2020,Failure to Obtain Permit,1
North End,2020,Maintenance,6
North End,2021,Certificate of Occupancy,1
North End,2021,Failure to Obtain Permit,1
North End,2021,Maintenance,1
North End,2021,Right of Entry,1
North End,2021,Unsafe and Dangerous,1
North End,2021,Validity of Permit,1
North End,2022,Certificate of Occupancy,1
North End,2022,Failure to Obtain Permit,1
North End,2022,Maintenance,1
North End,2022,Testing & Certification,11
North End,2023,Maintenance,1
North End,2023,Testing & Certification,4
North End,2024,Maintenance,1
North End,2024,Testing & Certification,6
Roslindale,2009,Failure to secure permit,1
Roslindale,2010,Building or Use of Premise req,1
Roslindale,2010,Inspections,1
Roslindale,2010,Maintenance,1
Roslindale,2011,Electrical Work w/out Permit,1
Roslindale,2011,Failure to Obtain Permit,1
Roslindale,2011,Maintenance,4
Roslindale,2011,Right of Entry,3
Roslindale,2011,Unsafe and Dangerous,1
Roslindale,2012,Electrical Work w/out Permit,2
Roslindale,2012,"Installation, uses permitted",1
Roslindale,2012,Maintenance,1
Roslindale,2012,Rule 10,1
Roslindale,2012,Uses not permitted,1
Roslindale,2013,Failed to comply w permit term,1
Roslindale,2013,Failure to Obtain Permit,2
Roslindale,2013,Right of Entry,1
Roslindale,2013,Unsafe and Dangerous,2
Roslindale,2014,Failure to Obtain Permit,3
Roslindale,2014,Right of Entry,2
Roslindale,2014,Unsafe and Dangerous,1
Roslindale,2015,Failure to Obtain Permit,3
Roslindale,2015,Suspension or Revocation,1
Roslindale,2015,Unsafe and Dangerous,3
Roslindale,2016,Unsafe and Dangerous,3
Roslindale,2017,Failure to Obtain Permit,5
Roslindale,2017,Maintenance,2
Roslindale,2018,Failure to Obtain Permit,3
Roslindale,2019,Failure to Obtain Permit,2
Roslindale,2019,Reg. of Construction Hour,1
Roslindale,2019,Unsafe and Dangerous,2
Roslindale,2020,Failure to Obtain Permit,4
Roslindale,2020,Inspections,1
Roslindale,2020,Maintenance,1
Roslindale,2020,Unsafe and Dangerous,1
Roslindale,2021,Failed to comply w permit term,1
Roslindale,2021,Unsafe Structures,1
Roslindale,2021,Unsafe and Dangerous,1
Roslindale,2022,Building or Use of Premise req,1
Roslindale,2022,Failure to Obtain Permit,2
Roslindale,2022,Maintenance,1
Roslindale,2022,Unsafe Structures,3
Roslindale,2023,Protection of Adj. Property,1
Roslindale,2023,Testing & Certification,1
Roslindale,2023,Unsafe Structures,1
Roslindale,2024,Electrical Connections,1
Roslindale,2024,Failure to Obtain Permit,1
Roslindale,2024,Maintenance,2
Roslindale,2024,Permits,1
Roslindale,2024,Testing & Certification,1
Roxbury,2010,Building or Use of Premise req,2
Roxbury,2010,Certificate of Inspection,1
Roxbury,2010,Compliance with Permit,2
Roxbury,2010,Egress,1
Roxbury,2010,Emergency Escape & Rescue,1
Roxbury,2010,Failed to comply w PRMT terms,1
Roxbury,2010,Failure to secure permit,2
Roxbury,2010,Fire Escape Affidavit,1
Roxbury,2010,Fire Wall/Fire Resistance,1
Roxbury,2010,Illegally occupied prior to CO,1
Roxbury,2010,Inspections,18
Roxbury,2010,Maintenance,1
Roxbury,2010,Maintenance of Exterior,1
Roxbury,2010,Right of Entry,1
Roxbury,2010,Smoke Detectors,1
Roxbury,2010,Unsafe & Dangerous,2
Roxbury,2010,Unsafe Maintenance,8
Roxbury,2010,Unsafe Structure,1
Roxbury,2010,Unsafe Structures,2
Roxbury,2010,Unsafe and Dangerous,23
Roxbury,2010,Ventilation,1
Roxbury,2011,Building or Use of Premise req,6
Roxbury,2011,Certificate of Inspection,2
Roxbury,2011,Certificate of Occupancy,2
Roxbury,2011,Electrical Work w/out Permit,1
Roxbury,2011,Failure to Obtain Permit,17
Roxbury,2011,Failure to secure permit,2
Roxbury,2011,Inspections,5
Roxbury,2011,Maintenance,11
Roxbury,2011,Means of Egress,1
Roxbury,2011,Mechanical Execution of Work,1
Roxbury,2011,Mounting & Cooling Equipment,1
Roxbury,2011,Other Laws,1
Roxbury,2011,Right of Entry,1
Roxbury,2011,Smoke Detectors,1
Roxbury,2011,Unsafe Maintenance,1
Roxbury,2011,Unsafe Structure,1
Roxbury,2011,Unsafe Structures,4
Roxbury,2011,Unsafe and Dangerous,7
Roxbury,2011,Unused openings,1
Roxbury,2011,Uses not permitted,1
Roxbury,2011,Wiring Integrity,1
Roxbury,2012,Accessible Means of Egress,1
Roxbury,2012,Certificate of Occupancy,4
Roxbury,2012,Compliance with Permit,1
Roxbury,2012,Electrical Work w/out a Permit,1
Roxbury,2012,Failed to comply w permit term,1
Roxbury,2012,Failure to Obtain Permit,15
Roxbury,2012,Failure to Secure Permit,6
Roxbury,2012,Failure to secure permit,3
Roxbury,2012,Foyer & Lobbies,1
Roxbury,2012,Guarding of Live parts,2
Roxbury,2012,Horizontal Clearances,1
Roxbury,2012,Inspections,1
Roxbury,2012,Maintenance,2
Roxbury,2012,Mass. State Electrical Code,1
Roxbury,2012,Means of Egress,1
Roxbury,2012,Mechanical Execution of Work,1
Roxbury,2012,Meter Tapping,1
Roxbury,2012,On Premise Signs,1
Roxbury,2012,Other Laws,1
Roxbury,2012,Permits,2
Roxbury,2012,Right of Entry,4
Roxbury,2012,Unlawful Acts,2
Roxbury,2012,Unsafe Maintenance,1
Roxbury,2012,Unsafe Structure,1
Roxbury,2012,Unsafe Structures,3
Roxbury,2012,Unsafe and Dangerous,19
Roxbury,2012,Uses not permitted,1
Roxbury,2012,Wiring,1
Roxbury,2013,Amended Constuction documanets,1
Roxbury,2013,Building or Use of Premise req,6
Roxbury,2013,Certificate of Occupancy,4
Roxbury,2013,Deteriorating Agents,1
Roxbury,2013,Electrical Connections,1
Roxbury,2013,Emergency escape and rescue,1
Roxbury,2013,Exit passageways,1
Roxbury,2013,Failed to comply w permit term,1
Roxbury,2013,Failure to Obtain Permit,21
Roxbury,2013,Failure to Secure Permit,2
Roxbury,2013,Fire Wall/Fire Resistance,1
Roxbury,2013,Inspections,1
Roxbury,2013,Mechanical Execution of Work,1
Roxbury,2013,Meter Tapping,1
Roxbury,2013,Minimum Requirements,1
Roxbury,2013,Number of Services,1
Roxbury,2013,Occupancy,1
Roxbury,2013,Periodic Inspections,1
Roxbury,2013,Permits,1
Roxbury,2013,Permits to perform gas fitting,1
Roxbury,2013,Protection of Adj. Property,1
Roxbury,2013,Right of Entry,4
Roxbury,2013,Testing & Certification,1
Roxbury,2013,Unsafe and Dangerous,21
Roxbury,2013,Uses not permitted,1
Roxbury,2014,Certificate of Occupancy,7
Roxbury,2014,Commercial Kitchen Hoods,1
Roxbury,2014,Egress,1
Roxbury,2014,Emergency Escape & Rescue,1
Roxbury,2014,Failed to comply w permit term,2
Roxbury,2014,Failure to Obtain Permit,14
Roxbury,2014,Failure to Secure Permit,4
Roxbury,2014,Failure to secure permit,1
Roxbury,2014,Maintenance,1
Roxbury,2014,Permits to perform gas fitting,1
Roxbury,2014,Right of Entry,3
Roxbury,2014,Unsafe and Dangerous,13
Roxbury,2015,Accessible Means of Egress,1
Roxbury,2015,Building or Use of Premise req,2
Roxbury,2015,Certificate of Inspection,1
Roxbury,2015,Certificate of Occupancy,1
Roxbury,2015,Emergency Escape,4
Roxbury,2015,Failed to comply w permit term,1
Roxbury,2015,Failure to Obtain Permit,22
Roxbury,2015,Failure to secure permit,1
Roxbury,2015,Foyer & Lobbies,1
Roxbury,2015,Locks and Latches,1
Roxbury,2015,Maintenance,11
Roxbury,2015,Periodic Inspections,1
Roxbury,2015,Protection of Adj. Property,1
Roxbury,2015,Right of Entry,8
Roxbury,2015,Testing & Certification,5
Roxbury,2015,Unsafe and Dangerous,45
Roxbury,2016,Failed to comply w permit term,2
Roxbury,2016,Failure to Obtain Permit,10
Roxbury,2016,Failure to Secure Permit,1
Roxbury,2016,Locks and Latches,1
Roxbury,2016,Notice of Violation,1
Roxbury,2016,Number of Services,1
Roxbury,2016,Periodic Inspections,1
Roxbury,2016,Right of Entry,4
Roxbury,2016,Unsafe and Dangerous,10
Roxbury,2017,Failed to comply w permit term,2
Roxbury,2017,Failure to Obtain Permit,11
Roxbury,2017,Locks and Latches,1
Roxbury,2017,Maintenance,3
Roxbury,2017,Protection of Adj. Property,1
Roxbury,2017,Right of Entry,1
Roxbury,2017,Testing & Certification,1
Roxbury,2017,Unsafe and Dangerous,9
Roxbury,2018,Building,1
Roxbury,2018,Emergency Escape,1
Roxbury,2018,Emergency Escape & Rescue,1
Roxbury,2018,Failed to comply w permit term,4
Roxbury,2018,Failure to Obtain Permit,12
Roxbury,2018,Maintenance,3
Roxbury,2018,Permits,1
Roxbury,2018,Protection of Adj. Property,1
Roxbury,2018,Right of Entry,2
Roxbury,2018,Testing & Certification,3
Roxbury,2018,Unsafe and Dangerous,7
Roxbury,2019,Electrical Connections,1
Roxbury,2019,Failed to comply w permit term,5
Roxbury,2019,Failure to Obtain Permit,14
Roxbury,2019,Fire Protection Systems,1
Roxbury,2019,Inspections,1
Roxbury,2019,Maintenance,6
Roxbury,2019,Operational Constraints,1
Roxbury,2019,Periodic Inspections,1
Roxbury,2019,Protection of Adj. Property,2
Roxbury,2019,Reg. of Construction Hour,1
Roxbury,2019,Right of Entry,6
Roxbury,2019,Street Numbers,1
Roxbury,2019,Unsafe and Dangerous,13
Roxbury,2019,Validity of Permit,1
Roxbury,2020,Building,1
Roxbury,2020,Certificate of Occupancy,1
Roxbury,2020,Emergency Escape & Rescue,1
Roxbury,2020,Exhaust Installation,2
Roxbury,2020,Failure to Obtain Permit,18
Roxbury,2020,Maintenance,3
Roxbury,2020,Maintenance of Means of Egress,2
Roxbury,2020,Right of Entry,2
Roxbury,2020,Unsafe and Dangerous,8
Roxbury,2021,Emergency Openings,1
Roxbury,2021,Failure to Obtain Permit,16
Roxbury,2021,Inspections,1
Roxbury,2021,Maintenance,2
Roxbury,2021,Periodic Inspections,1
Roxbury,2021,Permits to perform gas fitting,1
Roxbury,2021,Unsafe Building & Structures,1
Roxbury,2021,Unsafe Structures,5
Roxbury,2021,Unsafe and Dangerous,10
Roxbury,2022,Failure to Obtain Permit,15
Roxbury,2022,Fire Protection Systems,1
Roxbury,2022,Inspections,1
Roxbury,2022,Maintenance,5
Roxbury,2022,Reg. Access to Roof Areas,1
Roxbury,2022,Right of Entry,1
Roxbury,2022,Testing & Certification,1
Roxbury,2022,Unsafe Structures,12
Roxbury,2023,Certificate of Occupancy,1
Roxbury,2023,Emergency Escape & Rescue,1
Roxbury,2023,Failure to Obtain Permit,6
Roxbury,2023,Maintenance,6
Roxbury,2023,Testing & Certification,1
Roxbury,2023,Unsafe Structures,3
Roxbury,2024,Failed to comply w permit term,2
Roxbury,2024,Failure to Obtain Permit,19
Roxbury,2024,Maintenance,19
Roxbury,2024,Mass State Plumbing Code,4
Roxbury,2024,Testing & Certification,4
Roxbury,2024,Unsafe Structures,5
Roxbury,2024,Working Without a Permit,2
South Boston,2010,Abandoned Cable,1
South Boston,2010,Deteriorating Agents,1
South Boston,2010,Electrical Rm Used for Storage,1
South Boston,2010,Illegally occupied prior to CO,1
South Boston,2010,Inspections,2
South Boston,2010,Maintenance,1
South Boston,2010,Maintenance of Exterior,3
South Boston,2010,Revocation of Certificate,1
South Boston,2010,Unsafe Maintenance,3
South Boston,2010,Unsafe Structures,1
South Boston,2010,Unsafe and Dangerous,4
South Boston,2011,Building or Use of Premise req,1
South Boston,2011,Failure to secure permit,1
South Boston,2012,Building or Use of Premise req,1
South Boston,2012,Failure to Obtain Permit,4
South Boston,2012,Failure to Secure Permit,1
South Boston,2012,Maintenance,1
South Boston,2012,Protection of Adj. Property,1
South Boston,2012,Right of Entry,3
South Boston,2012,Unsafe and Dangerous,3
South Boston,2013,Access to Public Way,1
South Boston,2013,Building or Use of Premise req,1
South Boston,2013,Failure to Obtain Permit,5
South Boston,2013,Failure to Secure Permit,4
South Boston,2013,Mass State Plumbing Code,1
South Boston,2013,Right of Entry,3
South Boston,2013,Unsafe and Dangerous,5
South Boston,2014,Approval of Documents,1
South Boston,2014,Approved Construction Doc.,1
South Boston,2014,Certificate of Occupancy,3
South Boston,2014,Failure to Obtain Permit,7
South Boston,2014,Failure to Secure Permit,1
South Boston,2014,Mass State Plumbing Code,1
South Boston,2014,Means of Egress,1
South Boston,2014,Periodic Inspections,1
South Boston,2014,Protection of Adj. Property,3
South Boston,2014,Right of Entry,2
South Boston,2014,Testing & Certification,1
South Boston,2014,Unsafe Structure,1
South Boston,2014,Unsafe and Dangerous,2
South Boston,2015,Approval of Documents,1
South Boston,2015,Building or Use of Premise req,1
South Boston,2015,Failure to Obtain Permit,6
South Boston,2015,Maintenance,7
South Boston,2015,Protection of Adj. Property,2
South Boston,2015,Referenced Codes & Standards,1
South Boston,2015,Right of Entry,2
South Boston,2015,Unsafe & Dangerous,1
South Boston,2015,Unsafe Structure,1
South Boston,2015,Unsafe and Dangerous,5
South Boston,2015,Validity of Permit,1
South Boston,2016,Failed to comply w permit term,1
South Boston,2016,Failure to Obtain Permit,5
South Boston,2016,Maintenance,1
South Boston,2016,Right of Entry,1
South Boston,2016,Suspension or Revocation,1
South Boston,2016,Unlawful Acts,1
South Boston,2016,Unsafe and Dangerous,2
South Boston,2017,Building or Use of Premise req,1
South Boston,2017,Exits Maintained,1
South Boston,2017,Failure to Obtain Permit,5
South Boston,2017,Protection of Adj. Property,1
South Boston,2017,Unsafe and Dangerous,4
South Boston,2017,Use of Premises,1
South Boston,2017,Validity of Permit,1
South Boston,2018,Acts 1956 as Amended,1
South Boston,2018,Certificate of Occupancy,1
South Boston,2018,Failure to Obtain Permit,2
South Boston,2018,Maintenance,3
South Boston,2018,Right of Entry,1
South Boston,2018,Unsafe and Dangerous,5
South Boston,2019,Failed to comply w permit term,1
South Boston,2019,Failure to Obtain Permit,3
South Boston,2019,Unsafe and Dangerous,5
South Boston,2020,Certificate of Occupancy,1
South Boston,2020,General - Stairways,1
South Boston,2020,Maintenance,1
South Boston,2020,Protection of Adj. Property,1
South Boston,2020,Testing & Certification,1
South Boston,2020,Unsafe and Dangerous,6
South Boston,2021,Failure to Obtain Permit,1
South Boston,2021,Maintenance,1
South Boston,2021,Unsafe Structures,3
South Boston,2022,Failed to comply w permit term,1
South Boston,2022,Failure to Obtain Permit,2
South Boston,2022,Landings,1
South Boston,2022,Maintenance,4
South Boston,2022,Protection of Adj. Property,1
South Boston,2022,Right of Entry,1
South Boston,2022,Testing & Certification,1
South Boston,2023,Emergency Escape & Rescue,1
South Boston,2023,Failure to Obtain Permit,6
South Boston,2023,Maintenance,9
South Boston,2023,No use of premises permit:,1
South Boston,2023,Testing & Certification,2
South Boston,2024,Certificate of Occupancy,2
South Boston,2024,Failure to Obtain Permit,4
South Boston,2024,Maintenance,2
South Boston,2024,Mass State Plumbing Code,1
South Boston,2024,Testing & Certification,3
South Boston,2024,Unsafe Structures,1
South Boston Waterfront,2012,Certificate of Occupancy,1
South Boston Waterfront,2012,Failure to Obtain Permit,3
South Boston Waterfront,2013,Failure to Obtain Permit,1
South Boston Waterfront,2013,Periodic Inspections,1
South Boston Waterfront,2014,Unsafe and Dangerous,1
South Boston Waterfront,2019,Corridor Continuity,3
South Boston Waterfront,2022,Maintenance,1
South Boston Waterfront,2023,Failure to Obtain Permit,1
South End,2010,Inspections,6
South End,2010,Maintenance,1
South End,2010,Protection of Adj. Property,1
South End,2010,Right of Entry,1
South End,2010,Unsafe Maintenance,1
South End,2010,Unsafe Structure,1
South End,2010,Unsafe and Dangerous,2
South End,2011,Certificate of Occupancy,1
South End,2011,Failure to Obtain Permit,3
South End,2011,Inspections,1
South End,2011,Maintenance,1
South End,2011,Means of Egress,1
South End,2011,Other Laws,1
South End,2011,Unsafe Maintenance,2
South End,2011,Unsafe and Dangerous,1
South End,2012,Application for Permit,1
South End,2012,Certificate of Occupancy,1
South End,2012,Failed to comply w permit term,3
South End,2012,Failure to Obtain Permit,1
South End,2012,Failure to Secure Permit,1
South End,2012,Means of Egress,1
South End,2012,Minimum Number of Exits,1
South End,2012,Permits,1
South End,2012,Right of Entry,1
South End,2012,Testing & Certification,2
South End,2012,Unsafe Structure,1
South End,2012,Unsafe and Dangerous,2
South End,2012,Water Accumulation,2
South End,2013,Certificate of Occupancy,1
South End,2013,Defective material/workmanship,1
South End,2013,Failed to comply w permit term,2
South End,2013,Failure to Obtain Permit,4
South End,2013,Live loads(roof),1
South End,2013,Stop Work Order,1
South End,2013,Testing & Certification,1
South End,2013,Unsafe and Dangerous,2
South End,2014,Certificate of Occupancy,2
South End,2014,Exits,1
South End,2014,Failed to comply w permit term,1
South End,2014,Failure to Obtain Permit,2
South End,2014,Right of Entry,2
South End,2014,Testing & Certification,1
South End,2014,Unsafe and Dangerous,4
South End,2015,Deteriorating Agents,1
South End,2015,Failure to Obtain Permit,4
South End,2015,Maintenance,6
South End,2015,Periodic Inspections,1
South End,2015,Suspension or Revocation,1
South End,2015,Testing & Certification,1
South End,2015,Unsafe and Dangerous,6
South End,2016,Failure to Obtain Permit,5
South End,2016,Maintenance,2
South End,2016,Periodic Inspections,1
South End,2016,Testing & Certification,1
South End,2016,Unsafe and Dangerous,4
South End,2017,Certificate of Occupancy,1
South End,2017,Failed to comply w permit term,1
South End,2017,Failure to Obtain Permit,5
South End,2017,Protc. of  Primary Structure,1
South End,2017,Separated Occupancies,1
South End,2017,Unsafe and Dangerous,3
South End,2018,Failed to comply w permit term,4
South End,2018,Failure to Obtain Permit,3
South End,2018,Unsafe and Dangerous,8
South End,2019,Failure to Obtain Permit,1
South End,2019,Maintenance,3
South End,2019,Periodic Inspections,1
South End,2019,Testing & Certification,2
South End,2019,Unsafe and Dangerous,9
South End,2020,Failure to Obtain Permit,1
South End,2020,Maintenance,1
South End,2020,Municipal Bylaws or Ordinances,1
South End,2020,Protection of Adj. Property,1
South End,2020,Testing & Certification,2
South End,2020,Unsafe and Dangerous,5
South End,2021,Maintenance,1
South End,2021,Protection of Adj. Property,1
South End,2021,Unsafe Structures,2
South End,2022,Failure to Obtain Permit,1
South End,2022,Maintenance,1
South End,2022,Right of Entry,1
South End,2022,Testing & Certification,5
South End,2023,Failure to Obtain Permit,4
South End,2023,Maintenance,4
South End,2023,Maintenance of Means of Egress,1
South End,2023,Right of Entry,1
South End,2023,Testing & Certification,2
South End,2023,Unsafe Structures,3
South End,2024,Emergency Escape & Rescue,1
South End,2024,Failed to comply w permit term,1
South End,2024,Failure to Obtain Permit,5
South End,2024,Fire Alarm & Detection Systems,1
South End,2024,Handrails/safety,1
South End,2024,Maintenance,2
South End,2024,Protection of Adj. Property,1
South End,2024,Testing & Certification,2
South End,2024,Unsafe Structures,1
West Roxbury,2010,Unsafe Maintenance,1
West Roxbury,2011,Failure to Obtain Permit,1
West Roxbury,2011,Failure to secure permit,2
West Roxbury,2011,Maintenance,1
West Roxbury,2011,Unsafe Structures,1
West Roxbury,2012,Electrical Work w/out a Permit,1
West Roxbury,2012,Failure to Obtain Permit,2
West Roxbury,2012,Maintenance,1
West Roxbury,2012,Protection of Adj. Property,1
West Roxbury,2012,Unsafe and Dangerous,1
West Roxbury,2013,Failed to comply w permit term,1
West Roxbury,2013,Failure to Obtain Permit,1
West Roxbury,2013,Failure to Secure Permit,1
West Roxbury,2013,Right of Entry,5
West Roxbury,2013,Unsafe and Dangerous,2
West Roxbury,2014,Failure to Obtain Permit,3
West Roxbury,2014,Right of Entry,2
West Roxbury,2014,Unsafe and Dangerous,1
West Roxbury,2015,Failure to Obtain Permit,2
West Roxbury,2015,Failure to call for req Insp.,1
West Roxbury,2015,Unlawful Continuance,1
West Roxbury,2015,Unsafe and Dangerous,1
West Roxbury,2016,Failure to Obtain Permit,1
West Roxbury,2016,Maintenance,1
West Roxbury,2016,Unsafe and Dangerous,2
West Roxbury,2017,Failed to comply w permit term,1
West Roxbury,2017,Failure to Obtain Permit,4
West Roxbury,2017,Maintenance,1
West Roxbury,2017,Right of Entry,1
West Roxbury,2018,Building or Use of Premise req,1
West Roxbury,2018,Protection of Adj. Property,1
West Roxbury,2018,Unsafe and Dangerous,2
West Roxbury,2018,Validity of Permit,1
West Roxbury,2020,Failure to Obtain Permit,3
West Roxbury,2020,Maintenance,1
West Roxbury,2020,Unsafe and Dangerous,1
West Roxbury,2021,Building or Use of Premise req,1
West Roxbury,2021,Unsafe and Dangerous,1
West Roxbury,2022,Failure to Obtain Permit,3
West Roxbury,2022,Unsafe Structures,2
West Roxbury,2023,Failure to Obtain Permit,1
West Roxbury,2023,Maintenance,1
West Roxbury,2024,Deteriorating Agents,1
West Roxbury,2024,Maintenance,2
